{"1": {"wsp": [3.0, -4.430032368276379, -1.5375404603454754, 0.4624595396545246, -0.7525566444836649, -3.860064736552758, -5.64504855241457, 8.0, -7.64504855241457, 2.569967631723621, 4.139935263447242], "wgs": [1.8924919079309053, -6.64504855241457, -4.752556644483665, -1.6450485524145702, -3.9675728286218543, -4.967572828621854, -6.752556644483665, 3.7849838158618105, -10.860064736552758, 1.4624595396545246, 3.0324271713781457]}, "2": {"wsp": [-1.2150161841381895, -4.430032368276379, -1.5375404603454754, 0.7849838158618105, 0.4624595396545246, -3.860064736552758, -2.752556644483665, -5.64504855241457, 5.892491907930905, 1.4624595396545246, -3.182589012760044], "wgs": [-2.322524276207285, -4.537540460345475, -2.64504855241457, -0.3225242762072851, -2.752556644483665, -4.967572828621854, -5.967572828621854, -8.860064736552758, 4.7849838158618105, 0.35495144758542985, -6.397605196898233]}, "3": {"wsp": [-3.322524276207285, -8.64504855241457, -5.64504855241457, 0.7849838158618105, 1.4624595396545246, -2.752556644483665, -3.752556644483665, -5.64504855241457, 4.892491907930905, 0.35495144758542985, 0.03242717137814566], "wgs": [-5.537540460345475, -8.752556644483665, -6.752556644483665, -0.3225242762072851, 0.35495144758542985, -3.860064736552758, -4.860064736552758, -7.752556644483665, 3.7849838158618105, -0.7525566444836649, -2.182589012760044]}, "4": {"wsp": [-2.322524276207285, -8.64504855241457, -3.5375404603454754, -0.3225242762072851, 0.35495144758542985, -2.752556644483665, -2.64504855241457, -7.752556644483665, 4.892491907930905, -0.7525566444836649, 2.139935263447242], "wgs": [-4.537540460345475, -9.860064736552758, -3.5375404603454754, -1.430032368276379, -0.7525566444836649, -5.967572828621854, -5.860064736552758, -11.967572828621854, 2.7849838158618105, -1.8600647365527578, -0.07508092069095085]}, "5": {"wsp": [-2.322524276207285, -8.752556644483665, 0.6774757237927149, 0.6774757237927149, -1.7525566444836649, -2.752556644483665, -4.752556644483665, -10.860064736552758, 0.6774757237927149, 2.35495144758543, 0.03242717137814566], "wgs": [-4.537540460345475, -10.967572828621854, -0.4300323682763789, 2.677475723792715, -2.860064736552758, -8.07508092069095, -6.860064736552758, -10.967572828621854, -0.4300323682763789, -0.8600647365527578, -3.2900971048291403]}, "6": {"wsp": [-2.322524276207285, -7.752556644483665, -0.3225242762072851, 4.7849838158618105, -3.752556644483665, -2.752556644483665, -8.860064736552758, -7.64504855241457, -0.3225242762072851, 0.24744335551633512, 1.0324271713781457], "wgs": [-1.430032368276379, -6.860064736552758, 0.6774757237927149, 6.7849838158618105, -4.860064736552758, -5.967572828621854, -9.967572828621854, -8.860064736552758, -2.430032368276379, -0.8600647365527578, -1.2900971048291403]}, "7": {"wsp": [-2.322524276207285, -3.64504855241457, -0.3225242762072851, 8.892491907930905, -4.752556644483665, -3.860064736552758, -9.860064736552758, -1.430032368276379, -1.322524276207285, 0.6774757237927149, 2.35495144758543, 2.0324271713781457], "wgs": [-1.430032368276379, -5.860064736552758, -2.430032368276379, 7.7849838158618105, -5.860064736552758, -4.967572828621854, -9.967572828621854, -1.5375404603454754, -3.430032368276379, -0.4300323682763789, 1.2474433555163351, 0.8174109872399562]}, "8": {"wsp": [-2.322524276207285, -1.5375404603454754, 0.7849838158618105, 11.0, -4.752556644483665, -3.860064736552758, -7.752556644483665, 2.677475723792715, -2.322524276207285, -0.4300323682763789, 1.2474433555163351, 3.139935263447242], "wgs": [-3.5375404603454754, -3.752556644483665, -1.322524276207285, 10.892491907930905, -8.967572828621854, -3.9675728286218543, -8.860064736552758, 3.677475723792715, -5.537540460345475, -1.5375404603454754, 0.13993526344724216, 1.9249190793090492]}, "9": {"wsp": [-2.322524276207285, -1.5375404603454754, 0.7849838158618105, 9.892491907930905, -3.752556644483665, -0.7525566444836649, -7.752556644483665, 2.677475723792715, -6.537540460345475, 0.5699676317236211, 0.13993526344724216, 2.0324271713781457], "wgs": [-3.5375404603454754, -1.6450485524145702, -1.322524276207285, 8.78498381586181, -6.967572828621854, -2.9675728286218543, -10.967572828621854, 2.569967631723621, -7.64504855241457, -0.5375404603454754, -3.075080920690951, 0.8174109872399562]}, "10": {"wsp": [-6.537540460345475, 1.569967631723621, -2.322524276207285, 6.677475723792715, 0.35495144758542985, 0.24744335551633512, -7.752556644483665, 2.677475723792715, -6.537540460345475, 1.569967631723621, 0.13993526344724216, 5.247443355516335], "wgs": [-5.64504855241457, 1.4624595396545246, -1.322524276207285, 5.569967631723621, -2.860064736552758, -0.8600647365527578, -9.860064736552758, 1.569967631723621, -7.64504855241457, 0.4624595396545246, -4.182589012760044, 4.032427171378146]}, "11": {"wsp": [-4.430032368276379, -1.5375404603454754, 2.4624595396545246, -0.7525566444836649, 0.24744335551633512, -5.64504855241457, 5.7849838158618105, -8.64504855241457, 2.569967631723621, 1.1399352634472422, 4.247443355516335], "wgs": [-6.64504855241457, -1.6450485524145702, 3.4624595396545246, -3.9675728286218543, 0.13993526344724216, -7.752556644483665, 1.569967631723621, -11.860064736552758, 1.4624595396545246, 1.0324271713781457, 2.0324271713781457]}, "12": {"wsp": [-4.430032368276379, -3.64504855241457, 0.7849838158618105, -0.6450485524145702, -3.860064736552758, 0.24744335551633512, -5.64504855241457, 4.7849838158618105, 4.677475723792715, -5.182589012760044, 2.247443355516335], "wgs": [-4.537540460345475, -3.752556644483665, -1.322524276207285, -1.7525566444836649, -4.967572828621854, -2.9675728286218543, -9.860064736552758, 5.7849838158618105, 3.569967631723621, -8.397605196898233, 0.03242717137814566]}, "13": {"wsp": [-8.64504855241457, -4.64504855241457, 0.7849838158618105, 1.4624595396545246, -2.752556644483665, 0.24744335551633512, -6.64504855241457, 6.892491907930905, 3.569967631723621, -0.9675728286218543, 2.247443355516335], "wgs": [-8.752556644483665, -4.752556644483665, -1.322524276207285, -1.7525566444836649, -3.860064736552758, -0.8600647365527578, -7.752556644483665, 6.892491907930905, 0.35495144758542985, -4.182589012760044, 2.139935263447242]}, "14": {"wsp": [-7.64504855241457, -3.5375404603454754, -1.322524276207285, -1.6450485524145702, -2.752556644483665, -2.860064736552758, -7.752556644483665, 7.0, 0.4624595396545246, 1.1399352634472422, -0.8600647365527578], "wgs": [-9.860064736552758, -4.752556644483665, -2.430032368276379, -2.752556644483665, -5.967572828621854, -3.9675728286218543, -10.967572828621854, 4.892491907930905, -0.6450485524145702, -1.0750809206909508, -5.182589012760044]}, "15": {"wsp": [-8.752556644483665, -3.5375404603454754, -0.3225242762072851, 0.4624595396545246, -2.752556644483665, -3.860064736552758, -9.860064736552758, 7.0, 3.569967631723621, -0.9675728286218543, -3.9675728286218543], "wgs": [-9.967572828621854, -4.752556644483665, 2.677475723792715, -0.6450485524145702, -8.07508092069095, -4.967572828621854, -9.967572828621854, 3.7849838158618105, 2.4624595396545246, -4.29009710482914, -9.29009710482914]}, "16": {"wsp": [-7.752556644483665, -4.537540460345475, 3.7849838158618105, 1.4624595396545246, -2.752556644483665, -2.752556644483665, -6.64504855241457, 4.892491907930905, 1.4624595396545246, 0.03242717137814566, -2.860064736552758], "wgs": [-6.860064736552758, -2.64504855241457, 6.7849838158618105, -1.7525566444836649, -5.967572828621854, -5.967572828621854, -7.860064736552758, 3.7849838158618105, 0.35495144758542985, -3.2900971048291403, -6.075080920690951]}, "17": {"wsp": [-3.64504855241457, -6.64504855241457, 8.892491907930905, 1.4624595396545246, -3.860064736552758, -3.752556644483665, -0.4300323682763789, 4.892491907930905, 1.677475723792715, 1.3549514475854298, 0.03242717137814566],