{"1": {"wsp": [1.0696928960669583, -0.053644918259387886, 6.104539344100438, 0.9463550817406121, 8.104539344100438, 8.98120152977409, 8.946355081740613, 4.104539344100438, 6.069692896066958, 4.034846448033479, 5.981201529774091, 9.03209595561514], "wgs": [1.1045393441004374, 0.9812015297740908, 7.104539344100438, -0.018798470225909192, 6.946355081740612, 9.01604797780757, 8.98120152977409, 2.981201529774091, 6.069692896066958, 5.034846448033479, 5.05089442584105, 7.136635299715579]}, "2": {"wsp": [2.034846448033479, 1.1045393441004374, 6.104539344100438, 5.0, 4.05089442584105, 10.104539344100438, 7.946355081740612, 2.946355081740612, 6.069692896066958, 4.034846448033479, 6.01604797780757, 8.03209595561514], "wgs": [2.0696928960669583, 0.9812015297740908, 7.104539344100438, 3.1045393441004374, 2.155433769941487, 8.01604797780757, 8.946355081740613, 2.0160479778075704, 7.069692896066958, 3.1045393441004374, 4.120587321908008, 4.013297485389231]}, "3": {"wsp": [2.034846448033479, 1.1045393441004374, 4.104539344100438, 3.0696928960669583, 6.01604797780757, 9.104539344100438, 8.104539344100438, 5.069692896066958, 4.104539344100438, 5.0, 7.01604797780757, 7.032095955615141], "wgs": [3.0696928960669583, 3.1045393441004374, 5.104539344100438, 3.1045393441004374, 4.120587321908008, 8.946355081740613, 7.946355081740612, 2.946355081740612, 3.946355081740612, 4.034846448033479, 6.08574087387453, 6.136635299715579]}, "4": {"wsp": [2.0696928960669583, 1.1045393441004374, 4.104539344100438, 5.034846448033479, 7.981201529774091, 4.08574087387453, 5.946355081740612, 4.104539344100438, 5.069692896066958, 2.0696928960669583, 7.05089442584105, 6.0669424036486195], "wgs": [4.069692896066958, 0.05089442584104997, 4.104539344100438, 5.069692896066958, 5.120587321908008, 4.120587321908008, 6.946355081740612, 1.9812015297740908, 4.104539344100438, 1.1045393441004374, 5.155433769941487, 6.136635299715579]}, "5": {"wsp": [-0.053644918259387886, -2.8794126780919918, 4.104539344100438, 5.069692896066958, 6.05089442584105, 6.981201529774091, 7.104539344100438, 4.069692896066958, 4.104539344100438, -1.0187984702259092, 7.08574087387453, 5.1017888516821], "wgs": [0.9812015297740908, -3.967904044384859, 5.104539344100438, 6.104539344100438, 4.155433769941487, 6.05089442584105, 7.104539344100438, 6.069692896066958, 3.946355081740612, -0.018798470225909192, 4.997249507581662, 4.048143933422711]}, "6": {"wsp": [4.0, -1.8794126780919918, 3.1045393441004374, 3.0160479778075704, 2.1205873219080082, 7.946355081740612, 3.946355081740612, -0.018798470225909192, 6.0, 4.034846448033479, 7.08574087387453, 6.1017888516821], "wgs": [5.069692896066958, -1.002750492418338, 4.104539344100438, 3.0857408738745304, 0.9972495075816621, 6.05089442584105, 4.946355081740612, 2.981201529774091, 4.069692896066958, 3.1045393441004374, 3.0669424036486195, 5.082990381456188]}, "7": {"wsp": [-1.0187984702259092, 1.0857408738745304, 4.069692896066958, 2.1205873219080082, 2.0857408738745304, 7.981201529774091, 4.104539344100438, 2.946355081740612, 5.0, 2.946355081740612, 6.120587321908008, 8.06694240364862], "wgs": [0.05089442584104997, 1.155433769941487, 3.1045393441004374, 0.03209595561514078, 1.155433769941487, 8.01604797780757, 4.946355081740612, 1.0857408738745304, 4.034846448033479, 3.946355081740612, 4.032095955615141, 5.082990381456188]}, "8": {"wsp": [2.0696928960669583, -0.8445662300585131, 3.0696928960669583, 3.0857408738745304, 2.0857408738745304, 7.01604797780757, 5.069692896066958, 7.069692896066958, 2.0696928960669583, 2.981201529774091, 6.155433769941487, 8.03209595561514], "wgs": [2.946355081740612, -0.002750492418337913, 2.1045393441004374, 3.155433769941487, 0.15543376994148694, 3.997249507581662, 3.946355081740612, 5.946355081740612, 0.9463550817406121, 2.05089442584105, 5.032095955615141, 7.171481747749061]}, "9": {"wsp": [3.034846448033479, 2.05089442584105, 2.1045393441004374, 3.1205873219080082, 5.01604797780757, 7.05089442584105, 2.946355081740612, 4.946355081740612, 3.034846448033479, 3.981201529774091, 8.120587321908008, 9.03209595561514], "wgs": [4.104539344100438, -0.002750492418337913, 2.1045393441004374, 1.997249507581662, 3.1205873219080082, 7.120587321908008, 2.981201529774091, 5.981201529774091, 3.0696928960669583, 3.05089442584105, 5.0669424036486195, 8.17148174774906]}, "10": {"wsp": [-0.053644918259387886, 3.05089442584105, 1.1045393441004374, 7.01604797780757, 7.01604797780757, 6.120587321908008, 5.069692896066958, 9.0, 1.1045393441004374, 5.946355081740612, 5.997249507581662, 5.136635299715579], "wgs": [1.9812015297740908, 2.155433769941487, 0.9463550817406121, 2.997249507581662, 6.08574087387453, 4.997249507581662, 4.104539344100438, 7.104539344100438, 0.9463550817406121, 5.01604797780757, 4.136635299715579, 4.082990381456188]}, "11": {"wsp": [-0.053644918259387886, 3.981201529774091, -0.053644918259387886, 5.08574087387453, 8.98120152977409, 8.05089442584105, 4.104539344100438, 7.104539344100438, 3.034846448033479, 5.981201529774091, 6.032095955615141, 7.032095955615141], "wgs": [0.9812015297740908, 5.01604797780757, -0.018798470225909192, 4.155433769941487, 9.01604797780757, 8.120587321908008, 1.9812015297740908, 5.946355081740612, 4.034846448033479, 6.981201529774091, 5.136635299715579, 6.136635299715579]}, "12": {"wsp": [1.1045393441004374, 6.104539344100438, 5.0, 5.05089442584105, 10.104539344100438, 9.98120152977409, 2.946355081740612, 6.104539344100438, 3.034846448033479, 6.946355081740612, 6.032095955615141, 7.155433769941487], "wgs": [0.9812015297740908, 8.104539344100438, 2.1045393441004374, 3.155433769941487, 8.01604797780757, 10.01604797780757, 1.0160479778075704, 5.946355081740612, 2.1045393441004374, 6.981201529774091, 2.0132974853892307, 7.032095955615141]}, "13": {"wsp": [1.1045393441004374, 6.069692896066958, 3.0696928960669583, 6.01604797780757, 9.104539344100438, 12.104539344100438, 4.069692896066958, 7.069692896066958, 4.0, 7.946355081740612, 6.032095955615141, 9.085740873874531], "wgs": [3.1045393441004374, 8.069692896066957, 2.1045393441004374, 4.120587321908008, 8.946355081740613, 10.98120152977409, 2.946355081740612, 7.069692896066958, 4.034846448033479, 7.981201529774091, 4.136635299715579, 9.155433769941487]}, "14": {"wsp": [2.1045393441004374, 4.104539344100438, 4.034846448033479, 5.981201529774091, 4.08574087387453, 8.01604797780757, 4.104539344100438, 5.069692896066958, 2.0696928960669583, 5.981201529774091, 5.0669424036486195, 11.946355081740613], "wgs": [0.05089442584104997, 7.104539344100438, 4.069692896066958, 6.01604797780757, 4.120587321908008, 8.05089442584105, 2.981201529774091, 5.069692896066958, 1.1045393441004374, 5.05089442584105, 5.136635299715579, 12.98120152977409]}, "15": {"wsp": [-2.8794126780919918, 4.104539344100438, 4.069692896066958, 8.104539344100438, 6.981201529774091, 8.946355081740613, 5.069692896066958, 5.069692896066958, -0.018798470225909192, 6.981201529774091, 4.1017888516821, 12.104539344100438], "wgs": [-2.967904044384859, 7.104539344100438, 6.104539344100438, 7.946355081740612, 6.05089442584105, 8.98120152977409, 7.069692896066958, 6.069692896066958, 0.9812015297740908, 6.05089442584105, 3.048143933422711, 13.104539344100438]}, "16": {"wsp": [-1.8794126780919918, 3.1045393441004374, 2.0160479778075704, 5.05089442584105, 7.946355081740612, 7.946355081740612, 0.9812015297740908, 5.069692896066958, 5.034846448033479, 6.01604797780757, 5.1017888516821, 12.069692896066957], "wgs": [-1.002750492418338, 7.104539344100438, 3.0857408738745304, 3.155433769941487, 6.05089442584105, 8.946355081740613, 3.981201529774091, 6.069692896066958, 4.104539344100438, 4.120587321908008, 3.082990381456188, 12.104539344100438]}, "17": {"wsp": [1.0857408738745304, 3.1045393441004374, 2.1205873219080082, 6.01604797780757, 7.981201529774091, 8.104539344100438, 3.946355081740612, 4.104539344100438, 3.946355081740612, 8.01604797780757, 6.0669424036486195],